id,symbol,name,image,current_price,market_cap,market_cap_rank,fully_diluted_valuation,total_volume,high_24h,low_24h,price_change_24h,price_change_percentage_24h,market_cap_change_24h,market_cap_change_percentage_24h,circulating_supply,total_supply,max_supply,ath,ath_change_percentage,ath_date,atl,atl_change_percentage,atl_date,roi,last_updated,price_change_percentage_30d_in_currency,price_change_percentage_7d_in_currency,zone,suspected_wash_trading,momentum,is_gold,btc_change_24h,btc_change_7d,rs_24h,rs_7d,rs_available,rs_strong_24h,rs_leader_24h,ratio,range,volume_recovery,price_resilience,timeframe_classification,social_analysis,source_range
aixbt,aixbt,aixbt,https://coin-images.coingecko.com/coins/images/51784/large/3.png?1731981138,0.03499851,34741075,619,34927643,25385258,0.03582587,0.02930296,0.00468811,15.467,4677028.0,15.55688,994658423.1010208,1000000000.0,1000000000.0,0.942578,-96.29434,2025-01-16T11:56:02.862Z,0.01797721,94.29441,2026-02-23T01:30:43.221Z,,2026-05-02T21:04:24.370Z,63.85003450636675,27.568714532348114,strong,False,low,False,0.68052,,14.786480000000001,,True,False,False,0.7306986902391478,50m_range,False,False,INSUFFICIENT_DATA,"{""should_analyze"": false, ""combined_validation"": ""INSUFFICIENT_DATA""}",50m_range
neiro-3,neiro,Neiro,https://coin-images.coingecko.com/coins/images/39488/large/neiro.jpg?1731449567,9.747e-05,40992630,544,40992630,22710653,9.967e-05,8.884e-05,7.03e-06,7.76747,2943944.0,7.73731,420690000000.0,420690000000.0,420690000000.0,0.00301761,-96.7704,2024-11-12T08:05:49.038Z,2.44e-06,3896.71853,2024-08-01T07:00:23.692Z,,2026-05-02T21:04:23.766Z,80.0497372708869,12.950465276296871,strong,False,low,False,0.68052,,7.08695,,True,False,False,0.554017953959041,50m_range,False,False,INSUFFICIENT_DATA,"{""should_analyze"": false, ""combined_validation"": ""INSUFFICIENT_DATA""}",50m_range
book-of-meme,bome,BOOK OF MEME,https://coin-images.coingecko.com/coins/images/36071/large/bome.png?1710407255,0.0005619,38791668,582,38791668,15486565,0.00056936,0.00050615,4.658e-05,9.03826,3134329.0,8.79014,68999659569.0,68999659569.0,68999659569.0,0.02688878,-97.90898,2024-03-16T13:51:17.648Z,5.848e-05,861.3961,2024-03-14T10:17:29.365Z,,2026-05-02T21:04:23.290Z,53.22883458203147,9.649606804536274,early_accumulation,False,low,False,0.68052,,8.35774,,True,False,False,0.39922400346383663,50m_range,False,False,INSUFFICIENT_DATA,"{""should_analyze"": false, ""combined_validation"": ""INSUFFICIENT_DATA""}",50m_range
edu-coin,edu,Open Campus,https://coin-images.coingecko.com/coins/images/29948/large/EDU_Logo.png?1696528874,0.04752262,35981439,605,47507000,13560651,0.050407,0.0475062,-0.001940052314947045,-3.92226,-1553169.1697149575,-4.13797,757392361.0,1000000000.0,,1.67,-97.16274,2023-04-29T08:05:57.583Z,0.04149096,14.4982,2026-04-19T10:25:16.201Z,,2026-05-02T21:04:23.022Z,-8.781192335515815,4.723159687292065,early_accumulation,False,low,False,0.68052,,-4.60278,,True,False,False,0.37687906256334,50m_range,False,False,INSUFFICIENT_DATA,"{""should_analyze"": false, ""combined_validation"": ""INSUFFICIENT_DATA""}",50m_range
renzo,rez,Renzo,https://coin-images.coingecko.com/coins/images/37327/large/renzo_200x200.png?1714025012,0.00502444,42312453,531,49152412,15782449,0.00502942,0.00465307,0.00026993,5.67739,2101016.0,5.22492,8448843551.20107,9814629224.12962,10000000000.0,0.278213,-98.20373,2024-04-30T11:50:54.665Z,0.00265163,88.46768,2026-02-28T10:11:14.983Z,,2026-05-02T21:04:26.285Z,36.753266297256474,28.633222399186682,early_accumulation,False,low,False,0.68052,,4.9968699999999995,,True,False,False,0.3729977318970375,50m_range,False,False,INSUFFICIENT_DATA,"{""should_analyze"": false, ""combined_validation"": ""INSUFFICIENT_DATA""}",50m_range
terrausd,ustc,TerraClassicUSD,https://coin-images.coingecko.com/coins/images/12681/large/UST.png?1696512486,0.00737275,40967778,547,44661324,14616486,0.00760193,0.00620601,0.00114731,18.4294,6304270.0,18.18705,5577947994.327745,6080840946.714266,,1.092,-99.32591,2021-01-11T22:30:57.984Z,0.00406362,81.12984,2026-02-06T00:26:24.223Z,,2026-05-02T21:04:22.213Z,72.72539483433683,38.173202377487456,early_accumulation,False,low,False,0.68052,,17.74888,,True,False,False,0.35678005285031567,50m_range,False,False,INSUFFICIENT_DATA,"{""should_analyze"": false, ""combined_validation"": ""INSUFFICIENT_DATA""}",50m_range
notcoin,not,Notcoin,https://coin-images.coingecko.com/coins/images/33453/large/rFmThDiD_400x400.jpg?1701876350,0.00040062,39818513,564,41029257,11564980,0.00040575,0.00037845,1.669e-05,4.34634,1617390.0,4.23388,99429447866.9074,102452755868.5205,102456956842.91,0.02836145,-98.58573,2024-06-02T18:00:38.587Z,0.00032676,22.75411,2026-02-28T13:45:06.069Z,,2026-05-02T21:04:23.691Z,15.371416607014343,-1.8698188192277827,early_accumulation,False,low,False,0.68052,,3.6658199999999996,,True,False,False,0.29044228748572304,50m_range,False,False,INSUFFICIENT_DATA,"{""should_analyze"": false, ""combined_validation"": ""INSUFFICIENT_DATA""}",50m_range
paxos-standard,usdp,Pax Dollar,https://coin-images.coingecko.com/coins/images/6013/large/Pax_Dollar.png?1696506427,0.999717,40555503,554,40555503,8670190,0.99991,0.999454,0.0001244,0.01244,2338.34,0.00577,40569459.93027243,40569459.93027243,,1.18,-15.59329,2024-04-16T16:20:21.365Z,0.863529,15.7912,2021-05-19T13:14:42.046Z,"{'times': -0.000282790919287, 'currency': 'usd', 'percentage': -0.0282790919287}",2026-05-02T21:04:24.950Z,0.01362827762200251,-0.008433897763538686,early_accumulation,False,low,False,0.68052,,-0.66808,,True,False,False,0.2137857838922624,50m_range,False,False,INSUFFICIENT_DATA,"{""should_analyze"": false, ""combined_validation"": ""INSUFFICIENT_DATA""}",50m_range
ssv-network,ssv,SSV Network,https://coin-images.coingecko.com/coins/images/19155/large/ssv.png?1696518606,2.84,41716103,537,41716103,8590610,2.86,2.74,0.07913,2.86772,1182679.0,2.91779,14699173.1,14699173.1,,65.82,-95.6884,2024-03-25T05:21:25.264Z,2.09,36.05202,2026-04-13T08:10:42.294Z,,2026-05-02T21:04:22.009Z,27.013420341097184,-1.011179320306179,early_accumulation,False,low,False,0.68052,,2.1872,,True,False,False,0.20593030945388163,50m_range,False,False,INSUFFICIENT_DATA,"{""should_analyze"": false, ""combined_validation"": ""INSUFFICIENT_DATA""}",50m_range
unipeg,upeg,Unipeg,https://coin-images.coingecko.com/coins/images/102173012/large/unipeg.jpg?1777188215,1565.01,15587125,943,15587125,26189023,2933.89,1480.39,84.62,5.71634,775446.0,5.23537,10000.0,10000.0,10000.0,2933.89,-38.99018,2026-05-02T10:50:06.084Z,435.23,311.27196,2026-04-26T17:34:58.726Z,,2026-05-02T21:07:04.413Z,,,breakout,False,low,False,0.7179,,4.9984399999999996,,True,False,False,1.680170204575892,10m_range,False,False,INSUFFICIENT_DATA,"{""should_analyze"": false, ""combined_validation"": ""INSUFFICIENT_DATA""}",10m_range
czs-dog,broccoli,CZ's Dog,https://coin-images.coingecko.com/coins/images/54400/large/broccoli.jpg?1739504145,0.01796993,17396729,951,17396729,7572977,0.01820111,0.01705761,0.00034419,1.95275,321806.0,1.88467,968133628.7294303,968133628.7294303,1000000000.0,0.257985,-93.04661,2025-02-14T10:31:04.883Z,0.0105676,69.7516,2025-10-10T21:25:13.973Z,,2026-05-02T21:06:44.635Z,53.42256117841176,18.010276004995436,early_accumulation,False,low,False,0.7179,,1.23485,,True,False,False,0.4353103965693781,10m_range,False,False,INSUFFICIENT_DATA,"{""should_analyze"": false, ""combined_validation"": ""INSUFFICIENT_DATA""}",10m_range
fakenews,sn66,FakeNews,https://coin-images.coingecko.com/coins/images/66440/large/fakenews-logo.jpg?1749380776,3.83,15503050,998,15503050,5797246,3.91,3.0,0.440394,12.99415,1696556.0,12.2881,4077498.674985476,4077498.674985476,21000000.0,4.72,-19.38005,2026-04-13T14:15:25.467Z,0.413652,819.15288,2025-09-28T12:39:46.672Z,,2026-05-02T21:06:53.552Z,43.674139191526706,7.84290610416547,early_accumulation,False,low,False,0.7179,,12.27625,,True,False,False,0.3739422887754345,10m_range,False,False,INSUFFICIENT_DATA,"{""should_analyze"": false, ""combined_validation"": ""INSUFFICIENT_DATA""}",10m_range
vine,vine,Vine,https://coin-images.coingecko.com/coins/images/53859/large/vine.jpg?1737613523,0.01524956,15249748,1004,15249748,5617949,0.0158372,0.01524932,-4.3455217917938e-05,-0.28415,-42786.906482176855,-0.27979,999970088.499346,999970088.499346,1000000000.0,0.469941,-96.75746,2025-01-26T10:00:27.525Z,0.01447873,5.24398,2026-04-28T10:55:44.220Z,,2026-05-02T21:06:44.211Z,-14.332535612842534,0.30699463989201736,early_accumulation,False,low,False,0.7179,,-1.00205,,True,False,False,0.36839618595664664,10m_range,False,False,INSUFFICIENT_DATA,"{""should_analyze"": false, ""combined_validation"": ""INSUFFICIENT_DATA""}",10m_range
chill-guy,chillguy,Just a chill guy,https://coin-images.coingecko.com/coins/images/51746/large/Scherm%C2%ADafbeelding_2024-11-15_om_20.57.58.png?1731926037,0.01580805,15797559,989,15797559,5144647,0.01580647,0.01274152,0.00273301,20.9025,2663219.0,20.27676,999944871.686086,999944871.686086,1000000000.0,0.657518,-97.60147,2024-11-27T10:40:57.467Z,0.00604048,161.08507,2024-11-18T12:34:51.762Z,,2026-05-02T21:07:02.822Z,110.25214862709521,27.209355419141986,early_accumulation,False,low,False,0.7179,,20.1846,,True,False,False,0.3256608821654029,10m_range,False,False,INSUFFICIENT_DATA,"{""should_analyze"": false, ""combined_validation"": ""INSUFFICIENT_DATA""}",10m_range
my-neighbor-alice,alice,My Neighbor Alice,https://coin-images.coingecko.com/coins/images/14375/large/alice_logo.jpg?1696514067,0.148783,14791910,1015,14791910,4286457,0.150495,0.145902,0.00079768,0.53903,57942.0,0.39325,99447545.403832,99447545.403832,100000000.0,40.93,-99.63653,2021-03-15T08:54:21.451Z,0.097767,52.16814,2026-02-24T05:36:05.553Z,,2026-05-02T21:07:05.037Z,32.13668627413333,-6.653536596556756,early_accumulation,False,low,False,0.7179,,-0.17886999999999997,,True,False,False,0.2897838751047025,10m_range,False,False,INSUFFICIENT_DATA,"{""should_analyze"": false, ""combined_validation"": ""INSUFFICIENT_DATA""}",10m_range
wink,win,WINkLink,https://coin-images.coingecko.com/coins/images/9129/large/WinK.png?1696509252,2e-05,19875225,891,19875225,5103944,2.001e-05,1.934e-05,4.05272e-07,2.06798,401577.0,2.06215,993701854154.286,993701859243.3864,,0.00289424,-99.30977,2021-04-05T20:24:01.448Z,1.864e-05,7.18673,2026-03-30T23:15:39.595Z,"{'times': -0.8334497003226949, 'currency': 'usd', 'percentage': -83.34497003226949}",2026-05-02T21:06:46.055Z,3.8923293720436436,-1.3754565007177413,early_accumulation,False,low,False,0.7179,,1.35008,,True,False,False,0.2567993066745156,10m_range,False,False,INSUFFICIENT_DATA,"{""should_analyze"": false, ""combined_validation"": ""INSUFFICIENT_DATA""}",10m_range
concierge-io,ava,AVA (Travala),https://coin-images.coingecko.com/coins/images/3014/large/AVA_Logo_160x160px_Black.png?1696503750,0.270046,19474929,898,19474929,4730634,0.272312,0.261588,0.00741522,2.82344,500316.0,2.63677,72161693.0,72161693.0,100000000.0,6.45,-95.80745,2021-04-14T07:24:28.788Z,0.01218947,2116.83296,2019-02-27T00:00:00.000Z,"{'times': -0.22843874561710228, 'currency': 'usd', 'percentage': -22.84387456171023}",2026-05-02T21:06:49.647Z,37.94731283806831,7.853236765146003,early_accumulation,False,low,False,0.7179,,2.1055400000000004,,True,False,False,0.24290892151647894,10m_range,False,False,INSUFFICIENT_DATA,"{""should_analyze"": false, ""combined_validation"": ""INSUFFICIENT_DATA""}",10m_range
make-aliens-great-again,maga,Make Aliens Great Again,https://coin-images.coingecko.com/coins/images/102172900/large/fnvekkfw3gzqdqmbmjvmxsvbolv3.?1776494845,0.0174095,17030407,971,17030407,4057446,0.01890122,0.01565832,-0.000599029818458097,-3.32637,-605525.2555631064,-3.43347,978224858.433947,978224858.433947,1000000000.0,0.02937572,-41.77451,2026-04-25T03:30:20.994Z,0.00027677,6079.80855,2026-04-18T14:19:53.035Z,,2026-05-02T21:07:04.373Z,,-4.552132399397404,early_accumulation,False,low,False,0.7179,,-4.04427,,True,False,False,0.2382471540462891,10m_range,False,False,INSUFFICIENT_DATA,"{""should_analyze"": false, ""combined_validation"": ""INSUFFICIENT_DATA""}",10m_range
goatseus-maximus,goat,Goatseus Maximus,https://coin-images.coingecko.com/coins/images/50717/large/GOAT_LOGO_NEW.jpg?1731292759,0.01906621,19049543,905,19049543,4101612,0.01940753,0.0172161,0.00185012,10.74645,1838980.0,10.68518,999980400.184302,999980400.184302,1000000000.0,1.35,-98.59029,2024-11-17T13:01:21.319Z,0.01393137,36.69602,2026-04-13T05:20:44.631Z,,2026-05-02T21:06:59.275Z,12.44959549620964,16.50462259653844,early_accumulation,False,low,False,0.7179,,10.02855,,True,False,False,0.2153128817840932,10m_range,False,False,INSUFFICIENT_DATA,"{""should_analyze"": false, ""combined_validation"": ""INSUFFICIENT_DATA""}",10m_range
dogs-2,dogs,Dogs,https://coin-images.coingecko.com/coins/images/39699/large/dogs_logo_200x200.png?1723687163,3.249e-05,16770800,969,17849908,3467943,3.297e-05,3.14e-05,4.92526e-07,1.53912,262480.0,1.58999,516750000000.0,550000000000.0,550000000000.0,0.00163299,-98.01251,2024-08-28T10:10:46.492Z,2.375e-05,36.65294,2026-02-28T12:15:13.471Z,,2026-05-02T21:07:03.653Z,23.230009658727003,1.3831066521754136,early_accumulation,False,low,False,0.7179,,0.8212200000000001,,True,False,False,0.20678458988241466,10m_range,False,False,INSUFFICIENT_DATA,"{""should_analyze"": false, ""combined_validation"": ""INSUFFICIENT_DATA""}",10m_range
marlin,pond,Marlin,https://coin-images.coingecko.com/coins/images/8903/large/200x200.png?1706115827,0.00210547,17269173,953,21053819,3562552,0.00240792,0.00204778,5.154e-05,2.50955,406587.0,2.41118,8202394162.0,10000000000.0,10000000000.0,0.323362,-99.34907,2020-12-21T23:37:33.267Z,0.00203566,3.39955,2026-04-30T15:05:30.352Z,,2026-05-02T21:06:52.286Z,-4.061938573582237,-13.809109176057463,early_accumulation,False,low,False,0.7179,,1.79165,,True,False,False,0.20629546070330063,10m_range,False,False,INSUFFICIENT_DATA,"{""should_analyze"": false, ""combined_validation"": ""INSUFFICIENT_DATA""}",10m_range
